<?xml version="1.0" encoding="UTF-8"?>
<project-private xmlns="http://www.netbeans.org/ns/project-private/1">
    <editor-bookmarks xmlns="http://www.netbeans.org/ns/editor-bookmarks/2" lastBookmarkId="0"/>
    <open-files xmlns="http://www.netbeans.org/ns/projectui-open-files/2">
        <group>
            <file>file:/media/levy/dades2/DAW/M3/UF4/ProjecteUF4/ProjecteUF4/src/projecteuf4/Alumne.java</file>
            <file>file:/media/levy/dades2/DAW/M3/UF4/ProjecteUF4/ProjecteUF4/src/projecteuf4/Becat.java</file>
        </group>
    </open-files>
</project-private>
